aedecod,trtan,subjects
APPLICATION SITE DERMATITIS,0,5
APPLICATION SITE DERMATITIS,54,9
APPLICATION SITE DERMATITIS,81,7
APPLICATION SITE ERYTHEMA,54,12
APPLICATION SITE ERYTHEMA,81,15
APPLICATION SITE IRRITATION,54,9
APPLICATION SITE IRRITATION,81,9
APPLICATION SITE PRURITUS,0,6
APPLICATION SITE PRURITUS,54,22
APPLICATION SITE PRURITUS,81,22
APPLICATION SITE VESICLES,81,6
BLISTER,54,5
COUGH,54,5
COUGH,81,5
DIARRHOEA,0,9
DIZZINESS,54,8
DIZZINESS,81,11
ERYTHEMA,0,8
ERYTHEMA,54,14
ERYTHEMA,81,14
FATIGUE,54,5
FATIGUE,81,5
HEADACHE,81,5
HYPERHIDROSIS,81,8
NASOPHARYNGITIS,81,6
NAUSEA,81,6
PRURITUS,0,8
PRURITUS,54,21
PRURITUS,81,26
RASH,0,5
RASH,54,13
RASH,81,9
SINUS BRADYCARDIA,54,7
SINUS BRADYCARDIA,81,8
SKIN IRRITATION,54,6
SKIN IRRITATION,81,5
UPPER RESPIRATORY TRACT INFECTION,0,6
VOMITING,81,7
