aebodsys,trtan,subjects
CARDIAC DISORDERS,0,12
CARDIAC DISORDERS,54,13
CARDIAC DISORDERS,81,15
"CONGENITAL, FAMILIAL AND GENETIC DISORDERS",54,1
"CONGENITAL, FAMILIAL AND GENETIC DISORDERS",81,2
EAR AND LABYRINTH DISORDERS,0,1
EAR AND LABYRINTH DISORDERS,54,2
EAR AND LABYRINTH DISORDERS,81,1
EYE DISORDERS,0,2
EYE DISORDERS,54,2
EYE DISORDERS,81,1
GASTROINTESTINAL DISORDERS,0,17
GASTROINTESTINAL DISORDERS,54,14
GASTROINTESTINAL DISORDERS,81,20
GENERAL DISORDERS AND ADMINISTRATION SITE CONDITIONS,0,21
GENERAL DISORDERS AND ADMINISTRATION SITE CONDITIONS,54,47
GENERAL DISORDERS AND ADMINISTRATION SITE CONDITIONS,81,40
HEPATOBILIARY DISORDERS,0,1
IMMUNE SYSTEM DISORDERS,54,1
INFECTIONS AND INFESTATIONS,0,16
INFECTIONS AND INFESTATIONS,54,9
INFECTIONS AND INFESTATIONS,81,13
"INJURY, POISONING AND PROCEDURAL COMPLICATIONS",0,4
"INJURY, POISONING AND PROCEDURAL COMPLICATIONS",54,5
"INJURY, POISONING AND PROCEDURAL COMPLICATIONS",81,5
INVESTIGATIONS,0,10
INVESTIGATIONS,54,6
INVESTIGATIONS,81,6
METABOLISM AND NUTRITION DISORDERS,0,6
METABOLISM AND NUTRITION DISORDERS,54,1
METABOLISM AND NUTRITION DISORDERS,81,2
MUSCULOSKELETAL AND CONNECTIVE TISSUE DISORDERS,0,4
MUSCULOSKELETAL AND CONNECTIVE TISSUE DISORDERS,54,7
MUSCULOSKELETAL AND CONNECTIVE TISSUE DISORDERS,81,7
"NEOPLASMS BENIGN, MALIGNANT AND UNSPECIFIED (INCL CYSTS AND POLYPS)",54,2
"NEOPLASMS BENIGN, MALIGNANT AND UNSPECIFIED (INCL CYSTS AND POLYPS)",81,1
NERVOUS SYSTEM DISORDERS,0,8
NERVOUS SYSTEM DISORDERS,54,20
NERVOUS SYSTEM DISORDERS,81,25
PSYCHIATRIC DISORDERS,0,10
PSYCHIATRIC DISORDERS,54,10
PSYCHIATRIC DISORDERS,81,8
RENAL AND URINARY DISORDERS,0,4
RENAL AND URINARY DISORDERS,54,3
RENAL AND URINARY DISORDERS,81,3
REPRODUCTIVE SYSTEM AND BREAST DISORDERS,0,2
REPRODUCTIVE SYSTEM AND BREAST DISORDERS,81,1
"RESPIRATORY, THORACIC AND MEDIASTINAL DISORDERS",0,8
"RESPIRATORY, THORACIC AND MEDIASTINAL DISORDERS",54,9
"RESPIRATORY, THORACIC AND MEDIASTINAL DISORDERS",81,10
SKIN AND SUBCUTANEOUS TISSUE DISORDERS,0,20
SKIN AND SUBCUTANEOUS TISSUE DISORDERS,54,39
SKIN AND SUBCUTANEOUS TISSUE DISORDERS,81,40
SOCIAL CIRCUMSTANCES,81,1
SURGICAL AND MEDICAL PROCEDURES,0,2
SURGICAL AND MEDICAL PROCEDURES,54,1
SURGICAL AND MEDICAL PROCEDURES,81,2
VASCULAR DISORDERS,0,3
VASCULAR DISORDERS,54,3
VASCULAR DISORDERS,81,1
