trt01pn,variable,n,mean,stddev,median,min,max
0,AGE,86,75.209302326,8.5901671271,76,52,89
0,HEIGHTBL,86,162.57325581,11.522361119,162.6,137.2,185.4
0,WEIGHTBL,86,62.759302326,12.771543533,60.55,34,86.2
0,BMIBL,86,23.636046512,3.6719256942,23.4,15.1,33.3
0,MMSETOT,86,18.046511628,4.2727783405,19.5,10,23
54,AGE,84,75.666666667,8.2860505995,77.5,51,88
54,HEIGHTBL,84,163.43333333,10.419240003,162.6,135.9,195.6
54,WEIGHTBL,83,67.279518072,14.123598649,64.9,45.4,106.1
54,BMIBL,83,25.062650602,4.270508933,24.3,17.7,40.1
54,MMSETOT,84,17.869047619,4.2220869673,18,10,24
81,AGE,84,74.380952381,7.8860938487,76,56,88
81,HEIGHTBL,84,165.8202381,10.131351552,165.1,146.1,190.5
81,WEIGHTBL,84,70.004761905,14.653433372,69.2,41.7,108
81,BMIBL,84,25.347619048,4.1582687602,24.8,13.7,34.5
81,MMSETOT,84,18.511904762,4.1580059158,20,10,24
