trt01pn,dcdecod,count
0,ADVERSE EVENT,8
0,COMPLETED,58
0,DEATH,2
0,LACK OF EFFICACY,3
0,LOST TO FOLLOW-UP,1
0,PHYSICIAN DECISION,1
0,PROTOCOL VIOLATION,2
0,STUDY TERMINATED BY SPONSOR,2
0,WITHDRAWAL BY SUBJECT,9
54,ADVERSE EVENT,44
54,COMPLETED,25
54,DEATH,1
54,LOST TO FOLLOW-UP,1
54,PROTOCOL VIOLATION,1
54,STUDY TERMINATED BY SPONSOR,2
54,WITHDRAWAL BY SUBJECT,10
81,ADVERSE EVENT,40
81,COMPLETED,27
81,LACK OF EFFICACY,1
81,PHYSICIAN DECISION,2
81,PROTOCOL VIOLATION,3
81,STUDY TERMINATED BY SPONSOR,3
81,WITHDRAWAL BY SUBJECT,8
